teacher,projection_family,shape,basis_count,rank,status,original_params,compressed_params,compression_ratio,weight_relative_error,median_layer_error,p95_layer_error,max_layer_error,fit_seconds,artifact
Lightricks/LTX-2.5,attn.k,"[4096, 4096]",2,0,ok,805306368,33554528,23.99993133564567,0.970850944519043,0.9999890327453613,0.9999998807907104,1.0,0.489436800009571,reports\basis_fits\attn-k_4096x4096_k2_r0.safetensors
Lightricks/LTX-2.5,attn.k,"[4096, 4096]",2,4,ok,805306368,35127392,22.925310481347434,0.9441348314285278,0.9742381572723389,0.9831184148788452,0.9852891564369202,0.4184417000069516,reports\basis_fits\attn-k_4096x4096_k2_r4.safetensors
Lightricks/LTX-2.5,attn.k,"[4096, 4096]",2,8,ok,805306368,36700256,21.9427997450481,0.9281443953514099,0.9573244452476501,0.9720803499221802,0.9762879610061646,0.3627437999966787,reports\basis_fits\attn-k_4096x4096_k2_r8.safetensors
Lightricks/LTX-2.5,attn.k,"[4096, 4096]",2,16,ok,805306368,39845984,20.210477623039754,0.90376877784729,0.9311472773551941,0.9536967277526855,0.9597459435462952,0.40637450000212993,reports\basis_fits\attn-k_4096x4096_k2_r16.safetensors
Lightricks/LTX-2.5,attn.k,"[4096, 4096]",4,0,ok,805306368,67109056,11.999965667822835,0.941861093044281,0.9999582171440125,0.9999993443489075,0.9999994039535522,0.11558870000590105,reports\basis_fits\attn-k_4096x4096_k4_r0.safetensors
Lightricks/LTX-2.5,attn.k,"[4096, 4096]",4,4,ok,805306368,68681920,11.725158061976137,0.9158907532691956,0.9723213315010071,0.9830836653709412,0.9852046966552734,0.4222872000100324,reports\basis_fits\attn-k_4096x4096_k4_r4.safetensors
Lightricks/LTX-2.5,attn.k,"[4096, 4096]",4,8,ok,805306368,70254784,11.462655240673717,0.90035080909729,0.9560225009918213,0.9720379114151001,0.9762002825737,0.4185340999974869,reports\basis_fits\attn-k_4096x4096_k4_r8.safetensors
Lightricks/LTX-2.5,attn.k,"[4096, 4096]",4,16,ok,805306368,73400512,10.97139987252405,0.8767064809799194,0.9291977882385254,0.9536556601524353,0.9596670866012573,0.43500610000046436,reports\basis_fits\attn-k_4096x4096_k4_r16.safetensors
Lightricks/LTX-2.5,attn.out,"[4096, 4096]",2,0,ok,805306368,33554528,23.99993133564567,0.9738761186599731,0.9999983310699463,0.9999998807907104,1.0,0.1103339999972377,reports\basis_fits\attn-out_4096x4096_k2_r0.safetensors
Lightricks/LTX-2.5,attn.out,"[4096, 4096]",2,4,ok,805306368,35127392,22.925310481347434,0.9668318033218384,0.9924061298370361,0.9957931041717529,0.9960408806800842,0.3823897999973269,reports\basis_fits\attn-out_4096x4096_k2_r4.safetensors
Lightricks/LTX-2.5,attn.out,"[4096, 4096]",2,8,ok,805306368,36700256,21.9427997450481,0.9606512784957886,0.9866509437561035,0.9920918941497803,0.9922753572463989,0.3959519999916665,reports\basis_fits\attn-out_4096x4096_k2_r8.safetensors
Lightricks/LTX-2.5,attn.out,"[4096, 4096]",2,16,ok,805306368,39845984,20.210477623039754,0.949833333492279,0.9762919545173645,0.9850385785102844,0.9860766530036926,0.4349495000060415,reports\basis_fits\attn-out_4096x4096_k2_r16.safetensors
Lightricks/LTX-2.5,attn.out,"[4096, 4096]",4,0,ok,805306368,67109056,11.999965667822835,0.9484094977378845,0.9999878406524658,0.9999996423721313,0.9999998807907104,0.12322280000080355,reports\basis_fits\attn-out_4096x4096_k4_r0.safetensors
Lightricks/LTX-2.5,attn.out,"[4096, 4096]",4,4,ok,805306368,68681920,11.725158061976137,0.9414374828338623,0.9918397665023804,0.9957858324050903,0.9960237145423889,0.38500730000669137,reports\basis_fits\attn-out_4096x4096_k4_r4.safetensors
Lightricks/LTX-2.5,attn.out,"[4096, 4096]",4,8,ok,805306368,70254784,11.462655240673717,0.9353301525115967,0.9850388765335083,0.9920746684074402,0.9922645688056946,0.41386610000336077,reports\basis_fits\attn-out_4096x4096_k4_r8.safetensors
Lightricks/LTX-2.5,attn.out,"[4096, 4096]",4,16,ok,805306368,73400512,10.97139987252405,0.9246217012405396,0.9729337692260742,0.9850209951400757,0.9860683679580688,0.4580999000027077,reports\basis_fits\attn-out_4096x4096_k4_r16.safetensors
Lightricks/LTX-2.5,attn.q,"[4096, 4096]",2,0,ok,805306368,33554528,23.99993133564567,0.9706742167472839,0.9999923706054688,0.9999998211860657,1.0,0.10549360000004526,reports\basis_fits\attn-q_4096x4096_k2_r0.safetensors
Lightricks/LTX-2.5,attn.q,"[4096, 4096]",2,4,ok,805306368,35127392,22.925310481347434,0.9475086331367493,0.9783172011375427,0.982260525226593,0.9838793277740479,0.40183310001157224,reports\basis_fits\attn-q_4096x4096_k2_r4.safetensors
Lightricks/LTX-2.5,attn.q,"[4096, 4096]",2,8,ok,805306368,36700256,21.9427997450481,0.934072732925415,0.9643915295600891,0.9723795056343079,0.9761080741882324,0.40184900000167545,reports\basis_fits\attn-q_4096x4096_k2_r8.safetensors
Lightricks/LTX-2.5,attn.q,"[4096, 4096]",2,16,ok,805306368,39845984,20.210477623039754,0.9129738211631775,0.9420492053031921,0.9580295085906982,0.9628637433052063,0.42545750000863336,reports\basis_fits\attn-q_4096x4096_k2_r16.safetensors
Lightricks/LTX-2.5,attn.q,"[4096, 4096]",4,0,ok,805306368,67109056,11.999965667822835,0.9419611096382141,0.9999704957008362,0.9999991655349731,0.9999996423721313,0.11852959998941515,reports\basis_fits\attn-q_4096x4096_k4_r0.safetensors
Lightricks/LTX-2.5,attn.q,"[4096, 4096]",4,4,ok,805306368,68681920,11.725158061976137,0.9193471074104309,0.9773344397544861,0.982244610786438,0.9838701486587524,0.39778039998782333,reports\basis_fits\attn-q_4096x4096_k4_r4.safetensors
Lightricks/LTX-2.5,attn.q,"[4096, 4096]",4,8,ok,805306368,70254784,11.462655240673717,0.906387209892273,0.9635041952133179,0.9723766446113586,0.976099967956543,0.4170167999982368,reports\basis_fits\attn-q_4096x4096_k4_r8.safetensors
Lightricks/LTX-2.5,attn.q,"[4096, 4096]",4,16,ok,805306368,73400512,10.97139987252405,0.8860135078430176,0.9386327862739563,0.9580156803131104,0.962856650352478,0.4625489000027301,reports\basis_fits\attn-q_4096x4096_k4_r16.safetensors
Lightricks/LTX-2.5,attn.v,"[4096, 4096]",2,0,ok,805306368,33554528,23.99993133564567,0.9727750420570374,0.9999969005584717,0.9999998807907104,1.0,0.10628829999768641,reports\basis_fits\attn-v_4096x4096_k2_r0.safetensors
Lightricks/LTX-2.5,attn.v,"[4096, 4096]",2,4,ok,805306368,35127392,22.925310481347434,0.9620569348335266,0.9902282357215881,0.994084894657135,0.9945554733276367,0.4222074999997858,reports\basis_fits\attn-v_4096x4096_k2_r4.safetensors
Lightricks/LTX-2.5,attn.v,"[4096, 4096]",2,8,ok,805306368,36700256,21.9427997450481,0.953637421131134,0.9832741022109985,0.9887872934341431,0.9903530478477478,0.3962762000010116,reports\basis_fits\attn-v_4096x4096_k2_r8.safetensors
Lightricks/LTX-2.5,attn.v,"[4096, 4096]",2,16,ok,805306368,39845984,20.210477623039754,0.9397135972976685,0.9710399508476257,0.9788580536842346,0.9833416938781738,0.40588459999707993,reports\basis_fits\attn-v_4096x4096_k2_r16.safetensors
Lightricks/LTX-2.5,attn.v,"[4096, 4096]",4,0,ok,805306368,67109056,11.999965667822835,0.9456866979598999,0.9999931454658508,0.9999996423721313,0.9999998211860657,0.11892899998929352,reports\basis_fits\attn-v_4096x4096_k4_r0.safetensors
Lightricks/LTX-2.5,attn.v,"[4096, 4096]",4,4,ok,805306368,68681920,11.725158061976137,0.9351250529289246,0.9897668361663818,0.994082510471344,0.9945520758628845,0.405484200004139,reports\basis_fits\attn-v_4096x4096_k4_r4.safetensors
Lightricks/LTX-2.5,attn.v,"[4096, 4096]",4,8,ok,805306368,70254784,11.462655240673717,0.926791787147522,0.9818016290664673,0.9887863993644714,0.9903455972671509,0.4305762000003597,reports\basis_fits\attn-v_4096x4096_k4_r8.safetensors
Lightricks/LTX-2.5,attn.v,"[4096, 4096]",4,16,ok,805306368,73400512,10.97139987252405,0.9130007028579712,0.9693909287452698,0.9787652492523193,0.9833354949951172,0.4603164000000106,reports\basis_fits\attn-v_4096x4096_k4_r16.safetensors
Lightricks/LTX-2.5,ff-in,16384x4096,2,0,skipped_memory,,,,,,,,,
Lightricks/LTX-2.5,ff-in,16384x4096,2,4,skipped_memory,,,,,,,,,
Lightricks/LTX-2.5,ff-in,16384x4096,2,8,skipped_memory,,,,,,,,,
Lightricks/LTX-2.5,ff-in,16384x4096,2,16,skipped_memory,,,,,,,,,
Lightricks/LTX-2.5,ff-in,16384x4096,4,0,skipped_memory,,,,,,,,,
Lightricks/LTX-2.5,ff-in,16384x4096,4,4,skipped_memory,,,,,,,,,
Lightricks/LTX-2.5,ff-in,16384x4096,4,8,skipped_memory,,,,,,,,,
Lightricks/LTX-2.5,ff-in,16384x4096,4,16,skipped_memory,,,,,,,,,
Lightricks/LTX-2.5,ff-out,4096x16384,2,0,skipped_memory,,,,,,,,,
Lightricks/LTX-2.5,ff-out,4096x16384,2,4,skipped_memory,,,,,,,,,
Lightricks/LTX-2.5,ff-out,4096x16384,2,8,skipped_memory,,,,,,,,,
Lightricks/LTX-2.5,ff-out,4096x16384,2,16,skipped_memory,,,,,,,,,
Lightricks/LTX-2.5,ff-out,4096x16384,4,0,skipped_memory,,,,,,,,,
Lightricks/LTX-2.5,ff-out,4096x16384,4,4,skipped_memory,,,,,,,,,
Lightricks/LTX-2.5,ff-out,4096x16384,4,8,skipped_memory,,,,,,,,,
Lightricks/LTX-2.5,ff-out,4096x16384,4,16,skipped_memory,,,,,,,,,
